{"cameraMode":{"drawMode":0,"name":"Shaded","section":"Shading Mode"},"sceneLighting":true,"audioPlay":false,"sceneViewState":{"showFog":true,"showMaterialUpdate":false,"showSkybox":true,"showFlares":true,"showImageEffects":true,"showParticleSystems":true},"in2DMode":false,"pivot":{"x":-3.057861328125,"y":3.030636787414551,"z":-4.087874412536621},"rotation":{"x":-0.2255452573299408,"y":0.6363055109977722,"z":-0.20229046046733857,"w":-0.7094535827636719},"size":8.604549407958985,"orthographic":false}