{"cameraMode":{"drawMode":0,"name":"Shaded","section":"Shading Mode"},"sceneLighting":true,"audioPlay":false,"sceneViewState":{"showFog":true,"showMaterialUpdate":false,"showSkybox":true,"showFlares":true,"showImageEffects":true,"showParticleSystems":true},"in2DMode":false,"pivot":{"x":-5.250455856323242,"y":1.9543342590332032,"z":8.358205795288086},"rotation":{"x":0.02459801360964775,"y":0.9148992300033569,"z":-0.3990670442581177,"w":0.056311290711164477},"size":7.774069309234619,"orthographic":false}
