{"cameraMode":{"drawMode":0,"name":"Shaded","section":"Shading Mode"},"sceneLighting":true,"audioPlay":false,"sceneViewState":{"showFog":true,"showMaterialUpdate":false,"showSkybox":true,"showFlares":true,"showImageEffects":true,"showParticleSystems":true},"in2DMode":false,"pivot":{"x":-0.7964142560958862,"y":7.302624225616455,"z":3.9076108932495119},"rotation":{"x":0.027344807982444764,"y":0.9457408785820007,"z":-0.3132058382034302,"w":0.08246375620365143},"size":3.3087425231933595,"orthographic":false}