{"cameraMode":{"drawMode":0,"name":"Shaded","section":"Shading Mode"},"sceneLighting":true,"audioPlay":false,"sceneViewState":{"showFog":true,"showMaterialUpdate":false,"showSkybox":true,"showFlares":true,"showImageEffects":true,"showParticleSystems":true},"in2DMode":false,"pivot":{"x":0.1782383918762207,"y":13.480077743530274,"z":0.41566509008407595},"rotation":{"x":0.30118751525878909,"y":-0.6666536331176758,"z":0.3398205637931824,"w":0.5911943316459656},"size":5.547891616821289,"orthographic":false}