{"cameraMode":{"drawMode":0,"name":"Shaded","section":"Shading Mode"},"sceneLighting":true,"audioPlay":false,"sceneViewState":{"showFog":true,"showMaterialUpdate":false,"showSkybox":true,"showFlares":true,"showImageEffects":true,"showParticleSystems":true},"in2DMode":false,"pivot":{"x":-18.17096710205078,"y":-13.728961944580079,"z":-38.719024658203128},"rotation":{"x":-0.0427338108420372,"y":0.9546269178390503,"z":-0.24153433740139008,"w":-0.16898158192634583},"size":32.32552719116211,"orthographic":false}