{"cameraMode":{"drawMode":0,"name":"Shaded","section":"Shading Mode"},"sceneLighting":true,"audioPlay":false,"sceneViewState":{"showFog":true,"showMaterialUpdate":false,"showSkybox":true,"showFlares":true,"showImageEffects":true,"showParticleSystems":true},"in2DMode":false,"pivot":{"x":-11.350534439086914,"y":5.352018356323242,"z":3.312154769897461},"rotation":{"x":-0.006258402485400438,"y":0.8512841463088989,"z":-0.5246376395225525,"w":-0.010256019420921803},"size":16.970048904418947,"orthographic":false}