{"cameraMode":{"drawMode":0,"name":"Shaded","section":"Shading Mode"},"sceneLighting":true,"audioPlay":false,"sceneViewState":{"showFog":true,"showMaterialUpdate":false,"showSkybox":true,"showFlares":true,"showImageEffects":true,"showParticleSystems":true},"in2DMode":false,"pivot":{"x":-4.686967849731445,"y":7.059684753417969,"z":3.3988876342773439},"rotation":{"x":0.028256751596927644,"y":0.9266064167022705,"z":-0.3682805597782135,"w":0.07099766284227371},"size":12.900641441345215,"orthographic":false}