{"cameraMode":{"drawMode":0,"name":"Shaded","section":"Shading Mode"},"sceneLighting":true,"audioPlay":false,"sceneViewState":{"showFog":true,"showMaterialUpdate":false,"showSkybox":true,"showFlares":true,"showImageEffects":true,"showParticleSystems":true},"in2DMode":false,"pivot":{"x":12.956796646118164,"y":-8.336864471435547,"z":23.06542205810547},"rotation":{"x":0.3193880617618561,"y":0.20116612315177918,"z":-0.06957901269197464,"w":0.9234088659286499},"size":31.246158599853517,"orthographic":false}
