{"cameraMode":{"drawMode":0,"name":"Shaded","section":"Shading Mode"},"sceneLighting":true,"audioPlay":false,"sceneViewState":{"showFog":true,"showMaterialUpdate":false,"showSkybox":true,"showFlares":true,"showImageEffects":true,"showParticleSystems":true},"in2DMode":false,"pivot":{"x":324.709716796875,"y":339.55316162109377,"z":52.12628936767578},"rotation":{"x":-0.09374070167541504,"y":0.02266395278275013,"z":-0.0022074447479099037,"w":-0.9954009652137756},"size":459.092529296875,"orthographic":true}