{"cameraMode":{"drawMode":0,"name":"Shaded","section":"Shading Mode"},"sceneLighting":true,"audioPlay":false,"sceneViewState":{"showFog":true,"showMaterialUpdate":false,"showSkybox":true,"showFlares":true,"showImageEffects":true,"showParticleSystems":true},"in2DMode":false,"pivot":{"x":-0.3929598331451416,"y":9.238199234008789,"z":2.8951191902160646},"rotation":{"x":-0.20765255391597749,"y":-0.04668466001749039,"z":0.00985324289649725,"w":-0.9771109819412231},"size":12.461819648742676,"orthographic":true}