{"cameraMode":{"drawMode":0,"name":"Shaded","section":"Shading Mode"},"sceneLighting":false,"audioPlay":false,"sceneViewState":{"showFog":true,"showMaterialUpdate":false,"showSkybox":false,"showFlares":true,"showImageEffects":true,"showParticleSystems":true},"in2DMode":false,"pivot":{"x":155.5480499267578,"y":113.51541137695313,"z":53.73515701293945},"rotation":{"x":0.014045464806258679,"y":-0.9832481741905212,"z":0.16009370982646943,"w":0.0866926908493042},"size":189.79461669921876,"orthographic":true}