{"cameraMode":{"drawMode":0,"name":"Shaded","section":"Shading Mode"},"sceneLighting":true,"audioPlay":false,"sceneViewState":{"showFog":true,"showMaterialUpdate":false,"showSkybox":true,"showFlares":true,"showImageEffects":true,"showParticleSystems":true},"in2DMode":false,"pivot":{"x":-0.5717177391052246,"y":-0.8473520278930664,"z":1.6997880935668946},"rotation":{"x":-0.0006476591224782169,"y":0.9917988181114197,"z":-0.12805113196372987,"w":-0.005981489550322294},"size":12.613799095153809,"orthographic":true}