{"cameraMode":{"drawMode":0,"name":"Shaded","section":"Shading Mode"},"sceneLighting":false,"audioPlay":false,"sceneViewState":{"showFog":true,"showMaterialUpdate":false,"showSkybox":false,"showFlares":true,"showImageEffects":true,"showParticleSystems":true},"in2DMode":false,"pivot":{"x":-3.445106029510498,"y":5.276310443878174,"z":-1.1680305004119874},"rotation":{"x":0.14587624371051789,"y":-0.00709192268550396,"z":0.0011317395837977529,"w":0.989309549331665},"size":6.831305503845215,"orthographic":true}