{"cameraMode":{"drawMode":0,"name":"Shaded","section":"Shading Mode"},"sceneLighting":true,"audioPlay":false,"sceneViewState":{"showFog":true,"showMaterialUpdate":false,"showSkybox":true,"showFlares":true,"showImageEffects":true,"showParticleSystems":true},"in2DMode":false,"pivot":{"x":4.664750576019287,"y":4.686972618103027,"z":3.0211503505706789},"rotation":{"x":-0.0528298057615757,"y":0.9094207286834717,"z":-0.3940875232219696,"w":-0.12218950688838959},"size":9.49710750579834,"orthographic":true}