{"cameraMode":{"drawMode":0,"name":"Shaded","section":"Shading Mode"},"sceneLighting":true,"audioPlay":false,"sceneViewState":{"showFog":true,"showMaterialUpdate":false,"showSkybox":true,"showFlares":true,"showImageEffects":true,"showParticleSystems":true},"in2DMode":false,"pivot":{"x":-13.631368637084961,"y":1.2441530227661133,"z":-19.457195281982423},"rotation":{"x":-0.29116326570510867,"y":0.5276879668235779,"z":-0.1988098919391632,"w":-0.7728155851364136},"size":11.373565673828125,"orthographic":false}