{"cameraMode":{"drawMode":0,"name":"Shaded","section":"Shading Mode"},"sceneLighting":true,"audioPlay":false,"sceneViewState":{"showFog":true,"showMaterialUpdate":false,"showSkybox":true,"showFlares":true,"showImageEffects":true,"showParticleSystems":true},"in2DMode":false,"pivot":{"x":558.9317016601563,"y":225.28488159179688,"z":48.19376754760742},"rotation":{"x":0.08743668347597122,"y":-0.03557959198951721,"z":-0.0031871635001152755,"w":-0.995591938495636},"size":226.65679931640626,"orthographic":true}