{"cameraMode":{"drawMode":0,"name":"Shaded","section":"Shading Mode"},"sceneLighting":true,"audioPlay":false,"sceneViewState":{"showFog":true,"showMaterialUpdate":false,"showSkybox":true,"showFlares":true,"showImageEffects":true,"showParticleSystems":true},"in2DMode":false,"pivot":{"x":311.50286865234377,"y":226.64132690429688,"z":107.24032592773438},"rotation":{"x":-0.09512853622436524,"y":-0.6108200550079346,"z":0.07414622604846955,"w":-0.7826012969017029},"size":332.5868225097656,"orthographic":true}