{"cameraMode":{"drawMode":0,"name":"Shaded","section":"Shading Mode"},"sceneLighting":true,"audioPlay":false,"sceneViewState":{"showFog":true,"showMaterialUpdate":false,"showSkybox":true,"showFlares":true,"showImageEffects":true,"showParticleSystems":true},"in2DMode":false,"pivot":{"x":0.007310271263122559,"y":-3.223949432373047,"z":3.8930130004882814},"rotation":{"x":-0.3790739178657532,"y":-0.007775749079883099,"z":0.003185598412528634,"w":-0.9253288507461548},"size":13.366958618164063,"orthographic":false}