{"cameraMode":{"drawMode":0,"name":"Shaded","section":"Shading Mode"},"sceneLighting":true,"audioPlay":false,"sceneViewState":{"showFog":true,"showMaterialUpdate":false,"showSkybox":true,"showFlares":true,"showImageEffects":true,"showParticleSystems":true},"in2DMode":false,"pivot":{"x":-0.7063324451446533,"y":7.136373519897461,"z":2.0042386054992677},"rotation":{"x":-0.0007681740098632872,"y":-0.9899942278862,"z":0.1414293646812439,"w":-0.0050109317526221279},"size":10.55971908569336,"orthographic":true}