{"cameraMode":{"drawMode":0,"name":"Shaded","section":"Shading Mode"},"sceneLighting":true,"audioPlay":false,"sceneViewState":{"showFog":true,"showMaterialUpdate":false,"showSkybox":true,"showFlares":true,"showImageEffects":true,"showParticleSystems":true},"in2DMode":false,"pivot":{"x":-1.0489928722381592,"y":2.909160614013672,"z":-3.541110038757324},"rotation":{"x":-0.594228982925415,"y":0.002893014345318079,"z":-0.002137373201549053,"w":-0.8042907118797302},"size":25.20128631591797,"orthographic":false}