{"cameraMode":{"drawMode":0,"name":"Shaded","section":"Shading Mode"},"sceneLighting":true,"audioPlay":false,"sceneViewState":{"showFog":true,"showMaterialUpdate":false,"showSkybox":true,"showFlares":true,"showImageEffects":true,"showParticleSystems":true},"in2DMode":false,"pivot":{"x":2.871407985687256,"y":5.862845420837402,"z":3.907457113265991},"rotation":{"x":-0.08211871236562729,"y":-0.9114809036254883,"z":0.3362155556678772,"w":-0.2224392592906952},"size":11.98596477508545,"orthographic":true}