{"cameraMode":{"drawMode":0,"name":"Shaded","section":"Shading Mode"},"sceneLighting":true,"audioPlay":false,"sceneViewState":{"showFog":true,"showMaterialUpdate":false,"showSkybox":true,"showFlares":true,"showImageEffects":true,"showParticleSystems":true},"in2DMode":false,"pivot":{"x":576.4617919921875,"y":303.31640625,"z":-49.420143127441409},"rotation":{"x":-0.0021036078687757255,"y":-0.04167037829756737,"z":-0.0000013321061942406232,"w":0.9991771578788757},"size":322.017578125,"orthographic":true}